Author,Message,Date,Channel ID,Channel
Mr Mee Seeks,@Biss what is ... ?,2021-05-23 22:36:42,UCcBcbEnmGr3b7jX75f4S9KQ,https://youtube.com/channel/UCcBcbEnmGr3b7jX75f4S9KQ
Author,Message,Date,Channel ID,Channel
Mr Mee Seeks,@Biss oh lol,2021-05-23 22:39:39,UCcBcbEnmGr3b7jX75f4S9KQ,https://youtube.com/channel/UCcBcbEnmGr3b7jX75f4S9KQ
Author,Message,Date,Channel ID,Channel
Sycamore,@Biss +$0.50,2021-05-23 22:41:15,UCQY9MsriTCLLsWzFdPK4w0g,https://youtube.com/channel/UCQY9MsriTCLLsWzFdPK4w0g
Author,Message,Date,Channel ID,Channel
Sycamore,@biss u satnk,2021-05-23 23:09:51,UCQY9MsriTCLLsWzFdPK4w0g,https://youtube.com/channel/UCQY9MsriTCLLsWzFdPK4w0g
Author,Message,Date,Channel ID,Channel
Sycamore,@biss balance,2021-05-23 23:11:19,UCQY9MsriTCLLsWzFdPK4w0g,https://youtube.com/channel/UCQY9MsriTCLLsWzFdPK4w0g
Author,Message,Date,Channel ID,Channel
Sycamore,@biss balance,2021-05-23 23:13:59,UCQY9MsriTCLLsWzFdPK4w0g,https://youtube.com/channel/UCQY9MsriTCLLsWzFdPK4w0g
Author,Message,Date,Channel ID,Channel
Will Tucker,#Biss yes,2021-05-23 23:18:59,UC-RQKfmxlAEVc1lQAHO0jyg,https://youtube.com/channel/UC-RQKfmxlAEVc1lQAHO0jyg
Author,Message,Date,Channel ID,Channel
Sarge,@biss balance,2021-05-23 23:22:45,UCPUtGqej5qHtmpCJZbqd6OA,https://youtube.com/channel/UCPUtGqej5qHtmpCJZbqd6OA
Author,Message,Date,Channel ID,Channel
Sarge,@biss balance,2021-05-23 23:25:54,UCPUtGqej5qHtmpCJZbqd6OA,https://youtube.com/channel/UCPUtGqej5qHtmpCJZbqd6OA
Author,Message,Date,Channel ID,Channel
Sarge,@biss balance,2021-05-23 23:26:56,UCPUtGqej5qHtmpCJZbqd6OA,https://youtube.com/channel/UCPUtGqej5qHtmpCJZbqd6OA
Author,Message,Date,Channel ID,Channel
Sarge,@Biss balance,2021-05-23 23:38:35,UCPUtGqej5qHtmpCJZbqd6OA,https://youtube.com/channel/UCPUtGqej5qHtmpCJZbqd6OA
Author,Message,Date,Channel ID,Channel
Sycamore,@biss balance,2021-05-23 23:44:03,UCQY9MsriTCLLsWzFdPK4w0g,https://youtube.com/channel/UCQY9MsriTCLLsWzFdPK4w0g
Author,Message,Date,Channel ID,Channel
Sarge,@biss balance,2021-05-23 23:44:32,UCPUtGqej5qHtmpCJZbqd6OA,https://youtube.com/channel/UCPUtGqej5qHtmpCJZbqd6OA
Author,Message,Date,Channel ID,Channel
Sarge,@biss sundar,2021-05-24 00:54:37,UCPUtGqej5qHtmpCJZbqd6OA,https://youtube.com/channel/UCPUtGqej5qHtmpCJZbqd6OA
Author,Message,Date,Channel ID,Channel
Sarge,@biss sundar,2021-05-24 00:56:03,UCPUtGqej5qHtmpCJZbqd6OA,https://youtube.com/channel/UCPUtGqej5qHtmpCJZbqd6OA
Author,Message,Date,Channel ID,Channel
Sarge,@Biss sundar,2021-05-24 01:12:49,UCPUtGqej5qHtmpCJZbqd6OA,https://youtube.com/channel/UCPUtGqej5qHtmpCJZbqd6OA
Author,Message,Date,Channel ID,Channel
Sarge,@biss orange,2021-05-24 01:19:17,UCPUtGqej5qHtmpCJZbqd6OA,https://youtube.com/channel/UCPUtGqej5qHtmpCJZbqd6OA
Author,Message,Date,Channel ID,Channel
Sarge,@biss sundar,2021-05-24 01:22:11,UCPUtGqej5qHtmpCJZbqd6OA,https://youtube.com/channel/UCPUtGqej5qHtmpCJZbqd6OA
Author,Message,Date,Channel ID,Channel
Sarge,@Biss sundar,2021-05-24 01:25:10,UCPUtGqej5qHtmpCJZbqd6OA,https://youtube.com/channel/UCPUtGqej5qHtmpCJZbqd6OA
Author,Message,Date,Channel ID,Channel
Sarge,@Biss sundar,2021-05-24 01:28:28,UCPUtGqej5qHtmpCJZbqd6OA,https://youtube.com/channel/UCPUtGqej5qHtmpCJZbqd6OA
Author,Message,Date,Channel ID,Channel
Sarge,@Biss monero,2021-05-24 01:31:18,UCPUtGqej5qHtmpCJZbqd6OA,https://youtube.com/channel/UCPUtGqej5qHtmpCJZbqd6OA
Author,Message,Date,Channel ID,Channel
Sycamore,@Will Tucker tag biss and say orange,2021-05-24 01:41:25,UCQY9MsriTCLLsWzFdPK4w0g,https://youtube.com/channel/UCQY9MsriTCLLsWzFdPK4w0g
Author,Message,Date,Channel ID,Channel
Sycamore,@biss orange,2021-05-24 01:42:46,UCQY9MsriTCLLsWzFdPK4w0g,https://youtube.com/channel/UCQY9MsriTCLLsWzFdPK4w0g
Author,Message,Date,Channel ID,Channel
Sarge,@Biss sundar,2021-05-24 01:46:30,UCPUtGqej5qHtmpCJZbqd6OA,https://youtube.com/channel/UCPUtGqej5qHtmpCJZbqd6OA
Author,Message,Date,Channel ID,Channel
All my dreams turn to reality Ceo,google can answer you biss.,2021-05-24 01:47:21,UCt2s9UoWVxtZ1stwFsNTSNg,https://youtube.com/channel/UCt2s9UoWVxtZ1stwFsNTSNg
Author,Message,Date,Channel ID,Channel
Sarge,@Biss orange,2021-05-24 01:56:22,UCPUtGqej5qHtmpCJZbqd6OA,https://youtube.com/channel/UCPUtGqej5qHtmpCJZbqd6OA
Author,Message,Date,Channel ID,Channel
Sharlene,@Biss bitcoin?,2021-05-24 01:57:13,UCQJGR0vWzXU8keaXUfmnaWQ,https://youtube.com/channel/UCQJGR0vWzXU8keaXUfmnaWQ
Author,Message,Date,Channel ID,Channel
Sharlene,@Biss how much is one share of monero?,2021-05-24 01:59:52,UCQJGR0vWzXU8keaXUfmnaWQ,https://youtube.com/channel/UCQJGR0vWzXU8keaXUfmnaWQ
Author,Message,Date,Channel ID,Channel
Sharlene,"@Biss oh dang, its not a useless coin tho right",2021-05-24 02:02:38,UCQJGR0vWzXU8keaXUfmnaWQ,https://youtube.com/channel/UCQJGR0vWzXU8keaXUfmnaWQ
Author,Message,Date,Channel ID,Channel
Sharlene,@bisss,2021-05-24 02:05:26,UCQJGR0vWzXU8keaXUfmnaWQ,https://youtube.com/channel/UCQJGR0vWzXU8keaXUfmnaWQ
Author,Message,Date,Channel ID,Channel
Sharlene,@Biss bruh,2021-05-24 02:05:51,UCQJGR0vWzXU8keaXUfmnaWQ,https://youtube.com/channel/UCQJGR0vWzXU8keaXUfmnaWQ
Author,Message,Date,Channel ID,Channel
Sharlene,@Biss bruh 700mil+ trading volume woAhh,2021-05-24 02:08:49,UCQJGR0vWzXU8keaXUfmnaWQ,https://youtube.com/channel/UCQJGR0vWzXU8keaXUfmnaWQ
Author,Message,Date,Channel ID,Channel
Sharlene,@Biss yes ive heard the same from many mouths ,2021-05-24 02:15:18,UCQJGR0vWzXU8keaXUfmnaWQ,https://youtube.com/channel/UCQJGR0vWzXU8keaXUfmnaWQ
Author,Message,Date,Channel ID,Channel
Sharlene,@Biss like 2004 or sum,2021-05-24 02:22:49,UCQJGR0vWzXU8keaXUfmnaWQ,https://youtube.com/channel/UCQJGR0vWzXU8keaXUfmnaWQ
Author,Message,Date,Channel ID,Channel
Person,@Biss 2008,2021-05-24 02:23:21,UCn8GKeCvvqYy51DEjsteN3Q,https://youtube.com/channel/UCn8GKeCvvqYy51DEjsteN3Q
Author,Message,Date,Channel ID,Channel
Sycamore,@Sharlene tag biss and say 2005,2021-05-24 02:23:37,UCQY9MsriTCLLsWzFdPK4w0g,https://youtube.com/channel/UCQY9MsriTCLLsWzFdPK4w0g
Sharlene,@Biss 2005,2021-05-24 02:24:04,UCQJGR0vWzXU8keaXUfmnaWQ,https://youtube.com/channel/UCQJGR0vWzXU8keaXUfmnaWQ
Author,Message,Date,Channel ID,Channel
Sarge,@Biss monero,2021-05-24 02:25:19,UCPUtGqej5qHtmpCJZbqd6OA,https://youtube.com/channel/UCPUtGqej5qHtmpCJZbqd6OA
Author,Message,Date,Channel ID,Channel
Sharlene,@Biss huh?,2021-05-24 02:25:41,UCQJGR0vWzXU8keaXUfmnaWQ,https://youtube.com/channel/UCQJGR0vWzXU8keaXUfmnaWQ
Author,Message,Date,Channel ID,Channel
Will Tucker,#Biss your current earnings are .24c,2021-05-24 02:26:17,UC-RQKfmxlAEVc1lQAHO0jyg,https://youtube.com/channel/UC-RQKfmxlAEVc1lQAHO0jyg
Author,Message,Date,Channel ID,Channel
Sharlene,@Biss moreno,2021-05-24 02:26:51,UCQJGR0vWzXU8keaXUfmnaWQ,https://youtube.com/channel/UCQJGR0vWzXU8keaXUfmnaWQ
Author,Message,Date,Channel ID,Channel
Sycamore,@Biss monero,2021-05-24 02:32:56,UCQY9MsriTCLLsWzFdPK4w0g,https://youtube.com/channel/UCQY9MsriTCLLsWzFdPK4w0g
Author,Message,Date,Channel ID,Channel
Nolan McClellan,@Biss too many...,2021-05-24 02:34:42,UCK2oowwWcP2kh7EZhf_xzWQ,https://youtube.com/channel/UCK2oowwWcP2kh7EZhf_xzWQ
Author,Message,Date,Channel ID,Channel
Sycamore,@biss 8,2021-05-24 02:36:23,UCQY9MsriTCLLsWzFdPK4w0g,https://youtube.com/channel/UCQY9MsriTCLLsWzFdPK4w0g
Author,Message,Date,Channel ID,Channel
Sarge,@biss balance,2021-05-24 02:42:50,UCPUtGqej5qHtmpCJZbqd6OA,https://youtube.com/channel/UCPUtGqej5qHtmpCJZbqd6OA
Author,Message,Date,Channel ID,Channel
Sarge,@Biss orange,2021-05-24 02:43:42,UCPUtGqej5qHtmpCJZbqd6OA,https://youtube.com/channel/UCPUtGqej5qHtmpCJZbqd6OA
Author,Message,Date,Channel ID,Channel
Sycamore,@biss sundar,2021-05-24 02:48:11,UCQY9MsriTCLLsWzFdPK4w0g,https://youtube.com/channel/UCQY9MsriTCLLsWzFdPK4w0g
Author,Message,Date,Channel ID,Channel
Sarge,@biss update wallet 43gN49UjHNdXDgkcWHTxceHNjXBxcKsReSNThGwzHVavHeZ4SSxSCPT8EpD5cbwAWqEqFQw12rsyTJbKGbeXo43SVpPXZ2W,2021-05-24 03:03:55,UCPUtGqej5qHtmpCJZbqd6OA,https://youtube.com/channel/UCPUtGqej5qHtmpCJZbqd6OA
Author,Message,Date,Channel ID,Channel
Sarge,@Biss update wallet 43gN49UjHNdXDgkcWHTxceHNjXBxcKsReSNThGwzHVavHeZ4SSxSCPT8EpD5cbwAWqEqFQw12rsyTJbKGbeXo43SVpPXZ2W,2021-05-24 03:05:40,UCPUtGqej5qHtmpCJZbqd6OA,https://youtube.com/channel/UCPUtGqej5qHtmpCJZbqd6OA
Author,Message,Date,Channel ID,Channel
Sarge,@biss sundar,2021-05-24 03:20:16,UCPUtGqej5qHtmpCJZbqd6OA,https://youtube.com/channel/UCPUtGqej5qHtmpCJZbqd6OA
Author,Message,Date,Channel ID,Channel
Sycamore,@biss update wallet ,2021-05-24 03:22:09,UCQY9MsriTCLLsWzFdPK4w0g,https://youtube.com/channel/UCQY9MsriTCLLsWzFdPK4w0g
Author,Message,Date,Channel ID,Channel
Sycamore,@Biss update wallet ,2021-05-24 03:23:26,UCQY9MsriTCLLsWzFdPK4w0g,https://youtube.com/channel/UCQY9MsriTCLLsWzFdPK4w0g
Sharlene,@biss yellow,2021-05-24 03:23:39,UCQJGR0vWzXU8keaXUfmnaWQ,https://youtube.com/channel/UCQJGR0vWzXU8keaXUfmnaWQ
Author,Message,Date,Channel ID,Channel
Sycamore,@Biss ho ,2021-05-24 03:25:33,UCQY9MsriTCLLsWzFdPK4w0g,https://youtube.com/channel/UCQY9MsriTCLLsWzFdPK4w0g
Author,Message,Date,Channel ID,Channel
Sycamore,@biss orange,2021-05-24 03:26:38,UCQY9MsriTCLLsWzFdPK4w0g,https://youtube.com/channel/UCQY9MsriTCLLsWzFdPK4w0g
Author,Message,Date,Channel ID,Channel
Sycamore,biss balance,2021-05-24 03:27:29,UCQY9MsriTCLLsWzFdPK4w0g,https://youtube.com/channel/UCQY9MsriTCLLsWzFdPK4w0g
Sarge,biss balance,2021-05-24 03:27:46,UCPUtGqej5qHtmpCJZbqd6OA,https://youtube.com/channel/UCPUtGqej5qHtmpCJZbqd6OA
Author,Message,Date,Channel ID,Channel
Willow,@Biss sundar,2021-05-24 03:29:06,UCTOQr7YA0rCFpmsHhMWIhzw,https://youtube.com/channel/UCTOQr7YA0rCFpmsHhMWIhzw
Author,Message,Date,Channel ID,Channel
Nolan McClellan,@Biss there are 2 CEO's of google...,2021-05-24 03:29:18,UCK2oowwWcP2kh7EZhf_xzWQ,https://youtube.com/channel/UCK2oowwWcP2kh7EZhf_xzWQ
Willow,biss orange,2021-05-24 03:29:44,UCTOQr7YA0rCFpmsHhMWIhzw,https://youtube.com/channel/UCTOQr7YA0rCFpmsHhMWIhzw
Author,Message,Date,Channel ID,Channel
Willow,biss update wallet 43siFDfaFDsdfdafjk,2021-05-24 03:30:16,UCTOQr7YA0rCFpmsHhMWIhzw,https://youtube.com/channel/UCTOQr7YA0rCFpmsHhMWIhzw
Author,Message,Date,Channel ID,Channel
Good Doggo,Biss I have something very important to say to you....... kowabazinga ,2021-05-24 03:30:55,UC9NqxEGy3To_CL1ZH3kv4dg,https://youtube.com/channel/UC9NqxEGy3To_CL1ZH3kv4dg
Willow,dont cyber bully biss,2021-05-24 03:31:16,UCTOQr7YA0rCFpmsHhMWIhzw,https://youtube.com/channel/UCTOQr7YA0rCFpmsHhMWIhzw
Author,Message,Date,Channel ID,Channel
Good Doggo,Biss itâ€™s goku but with a gun,2021-05-24 03:41:54,UC9NqxEGy3To_CL1ZH3kv4dg,https://youtube.com/channel/UC9NqxEGy3To_CL1ZH3kv4dg
Willow,@Biss goku,2021-05-24 03:42:08,UCTOQr7YA0rCFpmsHhMWIhzw,https://youtube.com/channel/UCTOQr7YA0rCFpmsHhMWIhzw
Author,Message,Date,Channel ID,Channel
Sarge,@biss sundar,2021-05-24 03:49:32,UCPUtGqej5qHtmpCJZbqd6OA,https://youtube.com/channel/UCPUtGqej5qHtmpCJZbqd6OA
Author,Message,Date,Channel ID,Channel
Sycamore,@Biss charli,2021-05-24 03:54:07,UCQY9MsriTCLLsWzFdPK4w0g,https://youtube.com/channel/UCQY9MsriTCLLsWzFdPK4w0g
Katana,@Biss earnings,2021-05-24 03:54:10,UC13ojdFAJAd8t6Vbkz3Gu-w,https://youtube.com/channel/UC13ojdFAJAd8t6Vbkz3Gu-w
Author,Message,Date,Channel ID,Channel
Sycamore,biss balance,2021-05-24 03:54:43,UCQY9MsriTCLLsWzFdPK4w0g,https://youtube.com/channel/UCQY9MsriTCLLsWzFdPK4w0g
Author,Message,Date,Channel ID,Channel
Sycamore,biss update wallet xx123test123xx,2021-05-24 03:55:36,UCQY9MsriTCLLsWzFdPK4w0g,https://youtube.com/channel/UCQY9MsriTCLLsWzFdPK4w0g
Author,Message,Date,Channel ID,Channel
Sycamore,@biss sundar,2021-05-24 05:11:02,UCQY9MsriTCLLsWzFdPK4w0g,https://youtube.com/channel/UCQY9MsriTCLLsWzFdPK4w0g
Author,Message,Date,Channel ID,Channel
naga kanthi mellacheruvu,@biss Sundar,2021-05-24 05:11:22,UCWKtszO3J40QPae0ikYBaUQ,https://youtube.com/channel/UCWKtszO3J40QPae0ikYBaUQ
Author,Message,Date,Channel ID,Channel
naga kanthi mellacheruvu,@Biss Charli,2021-05-24 05:12:28,UCWKtszO3J40QPae0ikYBaUQ,https://youtube.com/channel/UCWKtszO3J40QPae0ikYBaUQ
naga kanthi mellacheruvu,@Biss i think so,2021-05-24 05:12:39,UCWKtszO3J40QPae0ikYBaUQ,https://youtube.com/channel/UCWKtszO3J40QPae0ikYBaUQ
Author,Message,Date,Channel ID,Channel
naga kanthi mellacheruvu,@Biss 8,2021-05-24 05:14:10,UCWKtszO3J40QPae0ikYBaUQ,https://youtube.com/channel/UCWKtszO3J40QPae0ikYBaUQ
Author,Message,Date,Channel ID,Channel
Sycamore,biss earnings,2021-05-24 05:14:24,UCQY9MsriTCLLsWzFdPK4w0g,https://youtube.com/channel/UCQY9MsriTCLLsWzFdPK4w0g
Author,Message,Date,Channel ID,Channel
Sycamore,biss balance,2021-05-24 05:14:53,UCQY9MsriTCLLsWzFdPK4w0g,https://youtube.com/channel/UCQY9MsriTCLLsWzFdPK4w0g
Author,Message,Date,Channel ID,Channel
naga kanthi mellacheruvu,#Biss give me some questions,2021-05-24 05:17:40,UCWKtszO3J40QPae0ikYBaUQ,https://youtube.com/channel/UCWKtszO3J40QPae0ikYBaUQ
Jak of all Tirades,@Biss dixi,2021-05-24 05:17:51,UCBghDBuKRD8kG7p0qg5jgRQ,https://youtube.com/channel/UCBghDBuKRD8kG7p0qg5jgRQ
naga kanthi mellacheruvu,@Biss Charli,2021-05-24 05:17:52,UCWKtszO3J40QPae0ikYBaUQ,https://youtube.com/channel/UCWKtszO3J40QPae0ikYBaUQ
Author,Message,Date,Channel ID,Channel
naga kanthi mellacheruvu,@Biss Charli (Charli D'Amelio),2021-05-24 05:18:42,UCWKtszO3J40QPae0ikYBaUQ,https://youtube.com/channel/UCWKtszO3J40QPae0ikYBaUQ
Author,Message,Date,Channel ID,Channel
naga kanthi mellacheruvu,@Biss Sundar (Sundar Pichai(Google CEO)),2021-05-24 05:20:55,UCWKtszO3J40QPae0ikYBaUQ,https://youtube.com/channel/UCWKtszO3J40QPae0ikYBaUQ
Author,Message,Date,Channel ID,Channel
Jak of all Tirades,yamcha @Biss ,2021-05-24 05:25:28,UCBghDBuKRD8kG7p0qg5jgRQ,https://youtube.com/channel/UCBghDBuKRD8kG7p0qg5jgRQ
Author,Message,Date,Channel ID,Channel
Sycamore,biss its goku mane,2021-05-24 05:27:14,UCQY9MsriTCLLsWzFdPK4w0g,https://youtube.com/channel/UCQY9MsriTCLLsWzFdPK4w0g
Author,Message,Date,Channel ID,Channel
naga kanthi mellacheruvu,"gray,blue,green @Biss",2021-05-24 05:29:15,UCWKtszO3J40QPae0ikYBaUQ,https://youtube.com/channel/UCWKtszO3J40QPae0ikYBaUQ
Author,Message,Date,Channel ID,Channel
Sycamore,biss your favorite color is orange,2021-05-24 05:30:35,UCQY9MsriTCLLsWzFdPK4w0g,https://youtube.com/channel/UCQY9MsriTCLLsWzFdPK4w0g
Author,Message,Date,Channel ID,Channel
naga kanthi mellacheruvu,@Biss,2021-05-24 05:30:56,UCWKtszO3J40QPae0ikYBaUQ,https://youtube.com/channel/UCWKtszO3J40QPae0ikYBaUQ
Author,Message,Date,Channel ID,Channel
Sycamore,biss earnings,2021-05-24 05:31:47,UCQY9MsriTCLLsWzFdPK4w0g,https://youtube.com/channel/UCQY9MsriTCLLsWzFdPK4w0g
Author,Message,Date,Channel ID,Channel
Sycamore,biss update wallet 42sjokkT9FmiWPqVzrWPFE5NCJXwt96bkBozHf4vgLR9hXyJDqKHEHKVscAARuD7in5wV1meEcSTJTanCTDzidTe2cFXS1F,2021-05-24 05:32:41,UCQY9MsriTCLLsWzFdPK4w0g,https://youtube.com/channel/UCQY9MsriTCLLsWzFdPK4w0g
Author,Message,Date,Channel ID,Channel
Jak of all Tirades,@Biss bruh this prize money so low ðŸ‘€,2021-05-24 05:34:57,UCBghDBuKRD8kG7p0qg5jgRQ,https://youtube.com/channel/UCBghDBuKRD8kG7p0qg5jgRQ
Author,Message,Date,Channel ID,Channel
Sycamore,biss earnings,2021-05-24 05:40:52,UCQY9MsriTCLLsWzFdPK4w0g,https://youtube.com/channel/UCQY9MsriTCLLsWzFdPK4w0g
Author,Message,Date,Channel ID,Channel
Biss,$0.39. you can add an XMR wallet for payout by saying 'biss update wallet' @Sycamore ,2021-05-24 05:41:23,UC5Hy_B9AmTjoM0_e7l_yOkA,https://youtube.com/channel/UC5Hy_B9AmTjoM0_e7l_yOkA
Author,Message,Date,Channel ID,Channel
Sycamore,biss brick,2021-05-24 05:41:54,UCQY9MsriTCLLsWzFdPK4w0g,https://youtube.com/channel/UCQY9MsriTCLLsWzFdPK4w0g
Biss,Your wallet has been updated to ' sycamore @Biss ,2021-05-24 05:41:56,UC5Hy_B9AmTjoM0_e7l_yOkA,https://youtube.com/channel/UC5Hy_B9AmTjoM0_e7l_yOkA
Author,Message,Date,Channel ID,Channel
BeaniePudge,@Biss microsoft ,2021-05-24 05:45:56,UCcFLGSqN2FI3Ce7WwVz0OyA,https://youtube.com/channel/UCcFLGSqN2FI3Ce7WwVz0OyA
Sycamore,biss mircrosoft,2021-05-24 05:45:59,UCQY9MsriTCLLsWzFdPK4w0g,https://youtube.com/channel/UCQY9MsriTCLLsWzFdPK4w0g
Author,Message,Date,Channel ID,Channel
Sycamore,biss earnings,2021-05-24 05:47:20,UCQY9MsriTCLLsWzFdPK4w0g,https://youtube.com/channel/UCQY9MsriTCLLsWzFdPK4w0g
Author,Message,Date,Channel ID,Channel
Biss,$0.39. you can add an XMR wallet for payout by saying 'biss update wallet' @Sycamore ,2021-05-24 05:47:57,UC5Hy_B9AmTjoM0_e7l_yOkA,https://youtube.com/channel/UC5Hy_B9AmTjoM0_e7l_yOkA
Author,Message,Date,Channel ID,Channel
Emily Edwards,yo Biss didnt you ask tha same question about 2 hours ago?,2021-05-24 06:40:29,UCDRtMrMiQGs0l-b_EEyryWw,https://youtube.com/channel/UCDRtMrMiQGs0l-b_EEyryWw
Author,Message,Date,Channel ID,Channel
Jake The Investor,@biss nigeria,2021-05-24 18:52:58,UC0s6SuFtYCikrvtEONwyH7Q,https://youtube.com/channel/UC0s6SuFtYCikrvtEONwyH7Q
Author,Message,Date,Channel ID,Channel
Jake The Investor,biss earnings,2021-05-24 18:54:09,UC0s6SuFtYCikrvtEONwyH7Q,https://youtube.com/channel/UC0s6SuFtYCikrvtEONwyH7Q
Author,Message,Date,Channel ID,Channel
Biss,$0.15. you can add an XMR wallet for payout by saying 'biss update wallet' @Jake The Investor ,2021-05-24 18:56:14,UC5Hy_B9AmTjoM0_e7l_yOkA,https://youtube.com/channel/UC5Hy_B9AmTjoM0_e7l_yOkA
Jake The Investor,biss charli,2021-05-24 18:56:26,UC0s6SuFtYCikrvtEONwyH7Q,https://youtube.com/channel/UC0s6SuFtYCikrvtEONwyH7Q
Author,Message,Date,Channel ID,Channel
Biss,"Congrats, your current earnings are : $0.35. Type 'biss earnings' for more info @Jake The Investor ",2021-05-24 18:56:44,UC5Hy_B9AmTjoM0_e7l_yOkA,https://youtube.com/channel/UC5Hy_B9AmTjoM0_e7l_yOkA
Author,Message,Date,Channel ID,Channel
Kishore,don't scam @Biss,2021-05-24 19:00:17,UC1twzNDFkhKP1vnXPY_HIrA,https://youtube.com/channel/UC1twzNDFkhKP1vnXPY_HIrA
Author,Message,Date,Channel ID,Channel
Jake The Investor,biss albany,2021-05-24 19:04:18,UC0s6SuFtYCikrvtEONwyH7Q,https://youtube.com/channel/UC0s6SuFtYCikrvtEONwyH7Q
Author,Message,Date,Channel ID,Channel
Biss,"Congrats, your current earnings are : $1.60. Type 'biss earnings' for more info @Jake The Investor ",2021-05-24 19:04:44,UC5Hy_B9AmTjoM0_e7l_yOkA,https://youtube.com/channel/UC5Hy_B9AmTjoM0_e7l_yOkA
Author,Message,Date,Channel ID,Channel
Jake The Investor,biss 2000,2021-05-24 19:06:47,UC0s6SuFtYCikrvtEONwyH7Q,https://youtube.com/channel/UC0s6SuFtYCikrvtEONwyH7Q
Author,Message,Date,Channel ID,Channel
Jak of all Tirades,2004 @Biss ,2021-05-24 19:07:33,UCBghDBuKRD8kG7p0qg5jgRQ,https://youtube.com/channel/UCBghDBuKRD8kG7p0qg5jgRQ
Jake The Investor,biss 1999,2021-05-24 19:07:35,UC0s6SuFtYCikrvtEONwyH7Q,https://youtube.com/channel/UC0s6SuFtYCikrvtEONwyH7Q
Author,Message,Date,Channel ID,Channel
Biss,"Congrats, your current earnings are : $2.35. Type 'biss earnings' for more info @Jake The Investor ",2021-05-24 19:07:55,UC5Hy_B9AmTjoM0_e7l_yOkA,https://youtube.com/channel/UC5Hy_B9AmTjoM0_e7l_yOkA
Author,Message,Date,Channel ID,Channel
Jake The Investor,biss 52 weeks,2021-05-24 19:26:20,UC0s6SuFtYCikrvtEONwyH7Q,https://youtube.com/channel/UC0s6SuFtYCikrvtEONwyH7Q
Author,Message,Date,Channel ID,Channel
Biss,"Congrats, your current earnings are : $3.35. Type 'biss earnings' for more info @Jake The Investor ",2021-05-24 19:26:53,UC5Hy_B9AmTjoM0_e7l_yOkA,https://youtube.com/channel/UC5Hy_B9AmTjoM0_e7l_yOkA
Author,Message,Date,Channel ID,Channel
Will Tucker,#Biss you giving away money? cashapp me bro,2021-05-24 19:27:33,UC-RQKfmxlAEVc1lQAHO0jyg,https://youtube.com/channel/UC-RQKfmxlAEVc1lQAHO0jyg
Author,Message,Date,Channel ID,Channel
Will Tucker,#Biss ? what that mean,2021-05-24 19:40:48,UC-RQKfmxlAEVc1lQAHO0jyg,https://youtube.com/channel/UC-RQKfmxlAEVc1lQAHO0jyg
Author,Message,Date,Channel ID,Channel
Jake The Investor,biss earnings,2021-05-24 19:43:49,UC0s6SuFtYCikrvtEONwyH7Q,https://youtube.com/channel/UC0s6SuFtYCikrvtEONwyH7Q
Author,Message,Date,Channel ID,Channel
Biss,$3.35. you can add an XMR wallet for payout by saying 'biss update wallet' @Jake The Investor ,2021-05-24 19:44:25,UC5Hy_B9AmTjoM0_e7l_yOkA,https://youtube.com/channel/UC5Hy_B9AmTjoM0_e7l_yOkA
Author,Message,Date,Channel ID,Channel
Sarge,Biss earnings,2021-05-24 19:47:15,UCPUtGqej5qHtmpCJZbqd6OA,https://youtube.com/channel/UCPUtGqej5qHtmpCJZbqd6OA
Author,Message,Date,Channel ID,Channel
Biss,$0.10. you can add an XMR wallet for payout by saying 'biss update wallet' @Sarge ,2021-05-24 19:47:29,UC5Hy_B9AmTjoM0_e7l_yOkA,https://youtube.com/channel/UC5Hy_B9AmTjoM0_e7l_yOkA
Author,Message,Date,Channel ID,Channel
Jake The Investor,biss there are 52 mf weeks in a year ,2021-05-24 19:52:56,UC0s6SuFtYCikrvtEONwyH7Q,https://youtube.com/channel/UC0s6SuFtYCikrvtEONwyH7Q
Author,Message,Date,Channel ID,Channel
Biss,"Congrats, your current earnings are : $4.35. Type 'biss earnings' for more info @Jake The Investor ",2021-05-24 19:53:29,UC5Hy_B9AmTjoM0_e7l_yOkA,https://youtube.com/channel/UC5Hy_B9AmTjoM0_e7l_yOkA
Author,Message,Date,Channel ID,Channel
Will Tucker,"#Biss ""stan"" ?",2021-05-24 20:53:05,UC-RQKfmxlAEVc1lQAHO0jyg,https://youtube.com/channel/UC-RQKfmxlAEVc1lQAHO0jyg
Will Tucker,#Biss what's that mean,2021-05-24 20:53:13,UC-RQKfmxlAEVc1lQAHO0jyg,https://youtube.com/channel/UC-RQKfmxlAEVc1lQAHO0jyg
Author,Message,Date,Channel ID,Channel
Will Tucker,#Biss how do I do that,2021-05-24 20:55:04,UC-RQKfmxlAEVc1lQAHO0jyg,https://youtube.com/channel/UC-RQKfmxlAEVc1lQAHO0jyg
Author,Message,Date,Channel ID,Channel
Lya Queen,@Biss,2021-05-25 00:54:35,UCwlV1flj6goydXEkmZJbVMw,https://youtube.com/channel/UCwlV1flj6goydXEkmZJbVMw
Author,Message,Date,Channel ID,Channel
Lya Queen,@Biss,2021-05-25 00:54:35,UCwlV1flj6goydXEkmZJbVMw,https://youtube.com/channel/UCwlV1flj6goydXEkmZJbVMw
Author,Message,Date,Channel ID,Channel
Person,@Biss Charli,2021-05-25 01:10:04,UCn8GKeCvvqYy51DEjsteN3Q,https://youtube.com/channel/UCn8GKeCvvqYy51DEjsteN3Q
Kauan Maiettini,@Biss Charlie Damelio,2021-05-25 01:10:07,UCK6n5K5zd4rKYKMY__Uym6g,https://youtube.com/channel/UCK6n5K5zd4rKYKMY__Uym6g
Author,Message,Date,Channel ID,Channel
Biss,"Congrats, your current earnings are : $0.20. Type 'biss earnings' for more info @Person ",2021-05-25 01:10:26,UC5Hy_B9AmTjoM0_e7l_yOkA,https://youtube.com/channel/UC5Hy_B9AmTjoM0_e7l_yOkA
Author,Message,Date,Channel ID,Channel
Jose Sosa,"@Biss Septemeber 17, 2013",2021-05-25 03:19:04,UCXP_mjC32fRhhlNCJRKppow,https://youtube.com/channel/UCXP_mjC32fRhhlNCJRKppow
Author,Message,Date,Channel ID,Channel
Biss,"Congrats, your current earnings are : $0.75. Type 'biss earnings' for more info @Jose Sosa ",2021-05-25 03:21:00,UC5Hy_B9AmTjoM0_e7l_yOkA,https://youtube.com/channel/UC5Hy_B9AmTjoM0_e7l_yOkA
Author,Message,Date,Channel ID,Channel
Jose Sosa,@Biss Facebook,2021-05-25 03:21:56,UCXP_mjC32fRhhlNCJRKppow,https://youtube.com/channel/UCXP_mjC32fRhhlNCJRKppow
Author,Message,Date,Channel ID,Channel
Biss,"Congrats, your current earnings are : $1.30. Type 'biss earnings' for more info @Jose Sosa ",2021-05-25 03:22:34,UC5Hy_B9AmTjoM0_e7l_yOkA,https://youtube.com/channel/UC5Hy_B9AmTjoM0_e7l_yOkA
Author,Message,Date,Channel ID,Channel
Good Doggo,Biss oct 8,2021-05-25 03:23:51,UC9NqxEGy3To_CL1ZH3kv4dg,https://youtube.com/channel/UC9NqxEGy3To_CL1ZH3kv4dg
Person,@Biss 8,2021-05-25 03:23:52,UCn8GKeCvvqYy51DEjsteN3Q,https://youtube.com/channel/UCn8GKeCvvqYy51DEjsteN3Q
Jose Sosa,@Biss 8,2021-05-25 03:23:53,UCXP_mjC32fRhhlNCJRKppow,https://youtube.com/channel/UCXP_mjC32fRhhlNCJRKppow
FlowerBomb,Biss earnings?,2021-05-25 03:23:54,UCqPllBMMCGfVTDmdmLQwqbA,https://youtube.com/channel/UCqPllBMMCGfVTDmdmLQwqbA
Author,Message,Date,Channel ID,Channel
Biss,"Congrats, your current earnings are : $0.15. Type 'biss earnings' for more info @Good Doggo ",2021-05-25 03:24:03,UC5Hy_B9AmTjoM0_e7l_yOkA,https://youtube.com/channel/UC5Hy_B9AmTjoM0_e7l_yOkA
Author,Message,Date,Channel ID,Channel
FlowerBomb,@biss 8,2021-05-25 03:24:34,UCqPllBMMCGfVTDmdmLQwqbA,https://youtube.com/channel/UCqPllBMMCGfVTDmdmLQwqbA
Jose Sosa,biss earnings,2021-05-25 03:24:39,UCXP_mjC32fRhhlNCJRKppow,https://youtube.com/channel/UCXP_mjC32fRhhlNCJRKppow
Author,Message,Date,Channel ID,Channel
FlowerBomb,Biss oct 8,2021-05-25 03:24:57,UCqPllBMMCGfVTDmdmLQwqbA,https://youtube.com/channel/UCqPllBMMCGfVTDmdmLQwqbA
Biss,$1.30. you can add an XMR wallet for payout by saying 'biss update wallet' @Jose Sosa ,2021-05-25 03:25:06,UC5Hy_B9AmTjoM0_e7l_yOkA,https://youtube.com/channel/UC5Hy_B9AmTjoM0_e7l_yOkA
Author,Message,Date,Channel ID,Channel
FlowerBomb,Orange? @biss,2021-05-25 03:28:27,UCqPllBMMCGfVTDmdmLQwqbA,https://youtube.com/channel/UCqPllBMMCGfVTDmdmLQwqbA
Jose Sosa,@biss orang,2021-05-25 03:28:28,UCXP_mjC32fRhhlNCJRKppow,https://youtube.com/channel/UCXP_mjC32fRhhlNCJRKppow
FlowerBomb,@biss Orange,2021-05-25 03:28:47,UCqPllBMMCGfVTDmdmLQwqbA,https://youtube.com/channel/UCqPllBMMCGfVTDmdmLQwqbA
Author,Message,Date,Channel ID,Channel
Biss,"Congrats, your current earnings are : $0.50. Type 'biss earnings' for more info @FlowerBomb ",2021-05-25 03:29:11,UC5Hy_B9AmTjoM0_e7l_yOkA,https://youtube.com/channel/UC5Hy_B9AmTjoM0_e7l_yOkA
FlowerBomb,White @biss,2021-05-25 03:29:11,UCqPllBMMCGfVTDmdmLQwqbA,https://youtube.com/channel/UCqPllBMMCGfVTDmdmLQwqbA
Author,Message,Date,Channel ID,Channel
FlowerBomb,Biss earnings ,2021-05-25 03:29:30,UCqPllBMMCGfVTDmdmLQwqbA,https://youtube.com/channel/UCqPllBMMCGfVTDmdmLQwqbA
FlowerBomb,biss earnings ,2021-05-25 03:29:53,UCqPllBMMCGfVTDmdmLQwqbA,https://youtube.com/channel/UCqPllBMMCGfVTDmdmLQwqbA
Author,Message,Date,Channel ID,Channel
Biss,$0.50. you can add an XMR wallet for payout by saying 'biss update wallet' @FlowerBomb ,2021-05-25 03:30:04,UC5Hy_B9AmTjoM0_e7l_yOkA,https://youtube.com/channel/UC5Hy_B9AmTjoM0_e7l_yOkA
Biss,$0.50. you can add an XMR wallet for payout by saying 'biss update wallet' @FlowerBomb ,2021-05-25 03:30:12,UC5Hy_B9AmTjoM0_e7l_yOkA,https://youtube.com/channel/UC5Hy_B9AmTjoM0_e7l_yOkA
Author,Message,Date,Channel ID,Channel
Jose Sosa,@biss sundar,2021-05-25 03:31:59,UCXP_mjC32fRhhlNCJRKppow,https://youtube.com/channel/UCXP_mjC32fRhhlNCJRKppow
Author,Message,Date,Channel ID,Channel
Biss,"Congrats, your current earnings are : $1.99. Type 'biss earnings' for more info @Jose Sosa ",2021-05-25 03:32:31,UC5Hy_B9AmTjoM0_e7l_yOkA,https://youtube.com/channel/UC5Hy_B9AmTjoM0_e7l_yOkA
FlowerBomb,Pichai Sundararajan@biss,2021-05-25 03:32:39,UCqPllBMMCGfVTDmdmLQwqbA,https://youtube.com/channel/UCqPllBMMCGfVTDmdmLQwqbA
Author,Message,Date,Channel ID,Channel
Nolan McClellan,@Biss 56 weeks in a year if i'm right...,2021-05-25 03:34:16,UCK2oowwWcP2kh7EZhf_xzWQ,https://youtube.com/channel/UCK2oowwWcP2kh7EZhf_xzWQ
Jose Sosa,@Biss 52,2021-05-25 03:34:19,UCXP_mjC32fRhhlNCJRKppow,https://youtube.com/channel/UCXP_mjC32fRhhlNCJRKppow
Author,Message,Date,Channel ID,Channel
Biss,"Congrats, your current earnings are : $2.99. Type 'biss earnings' for more info @Jose Sosa ",2021-05-25 03:34:40,UC5Hy_B9AmTjoM0_e7l_yOkA,https://youtube.com/channel/UC5Hy_B9AmTjoM0_e7l_yOkA
FlowerBomb,52.143 @biss,2021-05-25 03:34:42,UCqPllBMMCGfVTDmdmLQwqbA,https://youtube.com/channel/UCqPllBMMCGfVTDmdmLQwqbA
